,0,1,2,3,4,5
0,time,open,high,low,close,volume
1,2021-12-01 20:00:00,3452.0,3453.73,3452.0,3453.73,338
2,2021-12-01 19:45:00,3459.88,3459.88,3459.88,3459.88,106
3,2021-12-01 19:30:00,3459.7,3459.7,3459.7,3459.7,220
4,2021-12-01 19:15:00,3458.95,3458.95,3458.0,3458.0,405
5,2021-12-01 19:00:00,3456.0,3456.0,3456.0,3456.0,1266
6,2021-12-01 18:45:00,3454.0,3456.0,3450.0,3456.0,1097
7,2021-12-01 18:30:00,3450.0,3455.0,3447.0,3447.0,2833
8,2021-12-01 17:30:00,3451.0,3451.0,3451.0,3451.0,189
9,2021-12-01 17:15:00,3451.5,3451.5,3450.0,3450.0,497
10,2021-12-01 17:00:00,3445.0,3448.0,3445.0,3448.0,878
11,2021-12-01 16:45:00,3443.72,3447.0,3443.72,3445.11,4183
12,2021-12-01 16:30:00,3445.0,3451.0,3444.21,3451.0,33787
13,2021-12-01 16:15:00,3443.72,3445.0,3437.1,3443.72,62266
14,2021-12-01 16:00:00,3469.75,3471.4,3441.6,3443.7,325685
15,2021-12-01 15:45:00,3458.57,3474.83,3453.74,3470.3441,162415
16,2021-12-01 15:30:00,3472.37,3473.47,3451.0,3460.29,180421
17,2021-12-01 15:15:00,3483.0,3483.0,3466.54,3473.3601,129325
18,2021-12-01 15:00:00,3481.35,3490.4,3478.0,3482.14,87877
19,2021-12-01 14:45:00,3488.01,3491.19,3478.75,3482.61,105569
20,2021-12-01 14:30:00,3479.17,3490.0,3471.51,3488.27,145998
21,2021-12-01 14:15:00,3494.44,3494.73,3474.74,3479.9838,126041
22,2021-12-01 14:00:00,3503.31,3503.31,3486.61,3495.08,119372
23,2021-12-01 13:45:00,3508.98,3509.5699,3499.3936,3501.97,104893
24,2021-12-01 13:30:00,3501.63,3511.97,3496.84,3509.13,112647
25,2021-12-01 13:15:00,3503.56,3512.51,3496.0,3500.11,142909
26,2021-12-01 13:00:00,3529.75,3532.3299,3503.3,3504.0,93949
27,2021-12-01 12:45:00,3530.18,3532.755,3522.01,3529.6401,83465
28,2021-12-01 12:30:00,3535.36,3538.66,3527.01,3527.88,73996
29,2021-12-01 12:15:00,3536.135,3542.27,3532.68,3535.3332,78032
30,2021-12-01 12:00:00,3549.71,3554.98,3533.13,3536.6,100167
31,2021-12-01 11:45:00,3555.41,3555.9757,3543.7006,3551.01,111204
32,2021-12-01 11:30:00,3545.2,3559.88,3542.07,3553.21,160860
33,2021-12-01 11:15:00,3542.18,3547.26,3533.64,3545.955,87832
34,2021-12-01 11:00:00,3533.254,3542.3,3527.295,3540.4,72613
35,2021-12-01 10:45:00,3530.0,3538.84,3526.61,3534.215,77772
36,2021-12-01 10:30:00,3533.41,3538.26,3527.07,3529.78,92972
37,2021-12-01 10:15:00,3535.9699,3548.59,3529.1001,3533.28,152100
38,2021-12-01 10:00:00,3527.09,3543.38,3521.07,3533.12,146731
39,2021-12-01 09:45:00,3545.0,3558.0,3524.68,3530.95,289868
40,2021-12-01 09:30:00,3562.11,3562.11,3545.01,3546.17,6586
41,2021-12-01 09:15:00,3551.97,3570.0,3551.75,3562.0,11009
42,2021-12-01 09:00:00,3550.0,3550.0,3549.0,3549.0,1742
43,2021-12-01 08:45:00,3549.1,3551.85,3549.1,3551.79,1672
44,2021-12-01 08:30:00,3550.15,3550.15,3549.0,3550.0,3305
45,2021-12-01 08:15:00,3546.0,3551.98,3546.0,3551.98,4406
46,2021-12-01 08:00:00,3549.99,3551.0,3549.99,3551.0,654
47,2021-12-01 07:45:00,3546.21,3550.0,3546.21,3550.0,1080
48,2021-12-01 07:30:00,3548.11,3551.99,3548.0,3551.99,1814
49,2021-12-01 07:15:00,3550.0,3550.0,3546.0,3549.0,4367
50,2021-12-01 06:15:00,3549.97,3550.0,3549.97,3550.0,484
51,2021-12-01 05:45:00,3548.37,3549.6,3548.37,3549.6,574
52,2021-12-01 05:15:00,3549.5,3549.5,3548.37,3548.37,489
53,2021-12-01 04:30:00,3548.36,3548.37,3548.36,3548.37,1280
54,2021-12-01 04:15:00,3541.56,3541.56,3541.56,3541.56,859
55,2021-11-30 20:00:00,3513.67,3513.67,3513.67,3513.67,425
56,2021-11-30 19:45:00,3513.98,3513.98,3509.0,3509.0,1384
57,2021-11-30 19:30:00,3514.0,3514.0,3510.0,3510.18,1708
58,2021-11-30 19:15:00,3516.95,3517.0,3516.95,3517.0,817
59,2021-11-30 19:00:00,3512.21,3512.21,3512.0,3512.0,391
60,2021-11-30 18:45:00,3516.85,3517.0,3516.85,3517.0,707
61,2021-11-30 18:30:00,3518.0,3518.0,3516.0,3516.05,981
62,2021-11-30 18:15:00,3517.74,3521.0,3517.0,3517.0,3967
63,2021-11-30 17:45:00,3518.2499,3518.2499,3518.2499,3518.2499,189
64,2021-11-30 17:15:00,3519.0,3519.0,3517.5,3517.5,508
65,2021-11-30 17:00:00,3507.07,3519.0,3507.07,3519.0,2979
66,2021-11-30 16:45:00,3518.0,3518.0,3518.0,3518.0,401
67,2021-11-30 16:30:00,3516.5,3516.9,3516.0,3516.9,2591
68,2021-11-30 16:15:00,3507.07,3516.5,3507.07,3507.07,116151
69,2021-11-30 16:00:00,3507.83,3513.79,3495.0,3507.52,375350
70,2021-11-30 15:45:00,3501.2547,3509.0,3498.0,3508.01,94417
71,2021-11-30 15:30:00,3499.6,3506.67,3497.63,3501.575,91320
72,2021-11-30 15:15:00,3505.79,3509.4299,3498.0485,3500.0,79897
73,2021-11-30 15:00:00,3511.11,3513.0,3499.44,3506.93,100894
74,2021-11-30 14:45:00,3517.0,3520.29,3507.3001,3511.11,55396
75,2021-11-30 14:30:00,3517.14,3524.29,3511.5,3518.13,62804
76,2021-11-30 14:15:00,3520.765,3521.86,3510.75,3516.8121,77383
77,2021-11-30 14:00:00,3508.39,3520.99,3506.65,3520.99,62840
78,2021-11-30 13:45:00,3500.21,3515.38,3500.21,3507.21,101671
79,2021-11-30 13:30:00,3503.105,3507.64,3499.24,3501.8205,85082
80,2021-11-30 13:15:00,3506.83,3511.2176,3501.26,3503.09,59727
81,2021-11-30 13:00:00,3508.01,3514.53,3503.04,3504.15,63297
82,2021-11-30 12:45:00,3505.09,3508.76,3501.23,3506.79,71160
83,2021-11-30 12:30:00,3499.215,3510.2899,3497.225,3505.11,100643
84,2021-11-30 12:15:00,3514.75,3514.75,3492.01,3497.5473,158756
85,2021-11-30 12:00:00,3521.99,3522.457,3510.35,3516.27,120217
86,2021-11-30 11:45:00,3518.29,3528.07,3513.0,3520.285,94465
87,2021-11-30 11:30:00,3530.66,3534.0,3515.88,3521.54,139910
88,2021-11-30 11:15:00,3509.13,3531.99,3506.45,3531.0,181860
89,2021-11-30 11:00:00,3555.15,3555.8699,3509.14,3510.185,228483
90,2021-11-30 10:45:00,3568.98,3571.11,3548.0,3556.1,135230
91,2021-11-30 10:30:00,3574.03,3579.5399,3558.279,3566.5594,135762
92,2021-11-30 10:15:00,3568.88,3585.77,3568.88,3573.17,157328
93,2021-11-30 10:00:00,3572.46,3579.0,3561.52,3570.43,125761
94,2021-11-30 09:45:00,3563.5,3583.99,3557.05,3570.4,228382
95,2021-11-30 09:30:00,3576.0,3577.0,3563.01,3565.0,5852
96,2021-11-30 09:15:00,3577.77,3577.77,3572.0,3574.47,5634
97,2021-11-30 09:00:00,3564.62,3570.0,3564.62,3570.0,1344
98,2021-11-30 08:45:00,3559.88,3560.0,3559.88,3560.0,934
99,2021-11-30 08:30:00,3556.0001,3560.0,3556.0001,3560.0,66346
100,2021-11-30 08:15:00,3561.57,3561.57,3552.667,3557.38,3667
101,2021-11-30 07:45:00,3567.9,3567.9,3562.11,3562.11,1357
102,2021-11-30 07:30:00,3561.57,3561.57,3561.57,3561.57,297
103,2021-11-30 07:15:00,3554.38,3559.75,3554.38,3559.75,2328
104,2021-11-30 06:15:00,3551.54,3551.54,3551.54,3551.54,101
105,2021-11-30 04:15:00,3551.0,3551.0,3551.0,3551.0,276
106,2021-11-29 19:30:00,3565.15,3565.15,3565.15,3565.15,104
107,2021-11-29 19:15:00,3570.0,3570.0,3570.0,3570.0,126
108,2021-11-29 19:00:00,3568.0,3568.0,3568.0,3568.0,166
109,2021-11-29 18:15:00,3566.0,3566.0,3566.0,3566.0,141
110,2021-11-29 17:30:00,3563.7,3563.75,3563.55,3563.75,564
111,2021-11-29 17:15:00,3563.2941,3563.2941,3563.2941,3563.2941,221
112,2021-11-29 17:00:00,3564.0,3564.5,3564.0,3564.5,829
113,2021-11-29 16:45:00,3562.95,3564.0,3561.57,3564.0,34662
114,2021-11-29 16:30:00,3563.5,3563.5,3560.52,3563.0,719
115,2021-11-29 16:15:00,3561.57,3561.57,3560.83,3561.43,39002
116,2021-11-29 16:00:00,3574.78,3577.065,3558.3,3560.68,205188
117,2021-11-29 15:45:00,3573.42,3580.38,3569.45,3575.67,269708
118,2021-11-29 15:30:00,3584.78,3586.08,3570.9901,3574.73,78626
119,2021-11-29 15:15:00,3579.82,3586.12,3578.72,3584.915,57579
120,2021-11-29 15:00:00,3570.32,3580.04,3568.6,3580.04,69530
121,2021-11-29 14:45:00,3575.69,3578.42,3566.4,3570.9825,74388
122,2021-11-29 14:30:00,3578.7,3581.0,3573.15,3575.43,64671
123,2021-11-29 14:15:00,3589.13,3591.23,3576.91,3578.0905,80884
124,2021-11-29 14:00:00,3593.42,3594.355,3586.835,3588.91,55750
125,2021-11-29 13:45:00,3594.19,3596.0,3589.06,3593.03,55897
126,2021-11-29 13:30:00,3585.8633,3595.01,3583.0,3592.4601,72916
127,2021-11-29 13:15:00,3587.55,3589.9999,3583.33,3585.88,53851
128,2021-11-29 13:00:00,3588.52,3592.03,3583.33,3587.05,68558
129,2021-11-29 12:45:00,3586.51,3593.0,3585.37,3588.2963,86656
130,2021-11-29 12:30:00,3576.62,3589.395,3574.97,3586.28,93330
131,2021-11-29 12:15:00,3576.86,3579.08,3570.77,3576.39,76958
132,2021-11-29 12:00:00,3579.3999,3582.83,3574.7,3576.1829,90048
133,2021-11-29 11:45:00,3570.58,3579.79,3569.21,3577.95,69154
134,2021-11-29 11:30:00,3567.68,3575.57,3563.795,3568.865,66171
135,2021-11-29 11:15:00,3562.835,3569.0,3560.82,3566.95,61099
136,2021-11-29 11:00:00,3572.0,3573.7331,3559.02,3563.3075,97750
137,2021-11-29 10:45:00,3574.19,3581.0,3565.55,3572.61,133150
138,2021-11-29 10:30:00,3572.59,3579.38,3564.9674,3572.75,122017
139,2021-11-29 10:15:00,3565.0,3583.14,3545.0,3571.31,248592
140,2021-11-29 10:00:00,3546.86,3566.01,3535.0,3564.96,195733
141,2021-11-29 09:45:00,3547.6443,3561.04,3531.5001,3546.2301,363347
142,2021-11-29 09:30:00,3540.3,3544.0,3540.3,3544.0,5588
143,2021-11-29 09:15:00,3539.0,3539.0,3535.94,3538.0,4882
144,2021-11-29 09:00:00,3538.45,3539.0,3536.5,3538.45,1541
145,2021-11-29 08:45:00,3533.0,3535.0,3533.0,3535.0,1355
146,2021-11-29 08:30:00,3533.9,3534.99,3531.22,3532.92,1792
147,2021-11-29 08:15:00,3527.0,3534.0,3524.9999,3531.0,6756
148,2021-11-29 08:00:00,3527.0,3530.0,3527.0,3530.0,1876
149,2021-11-29 07:45:00,3525.0,3527.72,3525.0,3527.0,1996
150,2021-11-29 07:30:00,3525.5,3525.5,3525.5,3525.5,146
151,2021-11-29 07:15:00,3527.0,3531.6,3527.0,3531.6,1967
152,2021-11-29 05:15:00,3537.16,3537.16,3537.16,3537.16,483
153,2021-11-29 05:00:00,3542.0,3542.0,3542.0,3542.0,170
154,2021-11-29 04:30:00,3542.0,3542.0,3542.0,3542.0,387
155,2021-11-29 04:15:00,3539.85,3547.5,3539.85,3547.5,3141
156,2021-11-26 17:00:00,3503.0,3503.65,3502.0,3503.0,2440
157,2021-11-26 16:45:00,3503.0,3503.0,3502.75,3502.75,502
158,2021-11-26 13:15:00,3504.56,3504.56,3504.56,3504.56,173454
159,2021-11-26 13:00:00,3521.92,3523.92,3504.15,3505.39,351039
160,2021-11-26 12:45:00,3536.18,3541.9432,3520.0,3522.99,156742
161,2021-11-26 12:30:00,3525.0,3537.96,3523.83,3537.53,123185
162,2021-11-26 12:15:00,3531.79,3534.92,3520.26,3524.33,83117
163,2021-11-26 12:00:00,3535.0001,3537.69,3525.6,3530.68,73856
164,2021-11-26 11:45:00,3533.28,3540.17,3528.5,3536.915,123133
165,2021-11-26 11:30:00,3524.265,3534.82,3515.1,3533.7043,143646
166,2021-11-26 11:15:00,3531.11,3532.2533,3520.1,3522.99,134236
167,2021-11-26 11:00:00,3532.4587,3542.93,3527.77,3531.665,131353
168,2021-11-26 10:45:00,3551.21,3556.18,3525.92,3533.59,178500
169,2021-11-26 10:30:00,3552.755,3555.0,3540.23,3552.285,196022
170,2021-11-26 10:15:00,3588.92,3593.25,3553.0,3554.52,169346
171,2021-11-26 10:00:00,3561.855,3592.5858,3555.5424,3589.665,242862
172,2021-11-26 09:45:00,3602.095,3633.5,3558.0,3563.8,486183
173,2021-11-26 09:30:00,3615.0,3621.0,3603.16,3603.16,16380
174,2021-11-26 09:15:00,3592.0,3609.8,3591.99,3607.19,9237
175,2021-11-26 09:00:00,3589.0,3590.99,3588.89,3590.99,1743
176,2021-11-26 08:45:00,3590.0,3590.0,3586.0,3586.89,7078
177,2021-11-26 08:30:00,3575.0,3590.0,3574.5,3590.0,4955
178,2021-11-26 08:15:00,3585.0,3594.99,3566.1,3577.0,7240
179,2021-11-26 08:00:00,3572.0,3572.0,3569.9,3569.9,2141
180,2021-11-26 07:45:00,3572.65,3572.65,3565.02,3571.04,4117
181,2021-11-26 07:30:00,3584.98,3585.0,3581.0,3581.0,1885
182,2021-11-26 07:15:00,3570.0,3587.91,3570.0,3587.91,4611
183,2021-11-26 06:15:00,3560.0,3570.0,3560.0,3570.0,1411
184,2021-11-26 05:30:00,3560.0,3560.0,3560.0,3560.0,192
185,2021-11-26 05:00:00,3552.98,3552.98,3552.98,3552.98,178
186,2021-11-26 04:45:00,3555.0,3555.0,3549.65,3549.65,1017
187,2021-11-26 04:15:00,3560.0,3560.0,3554.13,3555.2,2645
188,2021-11-24 20:00:00,3584.12,3584.12,3578.0,3578.0,3185
189,2021-11-24 19:45:00,3584.1,3584.31,3584.1,3584.31,397
190,2021-11-24 19:00:00,3582.95,3583.0,3582.95,3583.0,578
191,2021-11-24 18:30:00,3582.0,3582.0,3582.0,3582.0,265
192,2021-11-24 18:00:00,3580.0,3580.0,3580.0,3580.0,112
193,2021-11-24 17:30:00,3579.5,3579.5,3579.5,3579.5,153
194,2021-11-24 16:45:00,3580.41,3580.41,3579.21,3579.21,377
195,2021-11-24 16:15:00,3580.41,3580.41,3579.12,3580.41,53059
196,2021-11-24 16:00:00,3580.01,3583.0,3575.21,3579.08,136114
197,2021-11-24 15:45:00,3579.19,3586.15,3575.06,3581.0,84865
198,2021-11-24 15:30:00,3577.4599,3586.59,3575.45,3578.4332,66361
199,2021-11-24 15:15:00,3573.45,3577.48,3568.0,3576.51,53167
200,2021-11-24 15:00:00,3574.82,3577.0,3572.0,3573.55,38347
201,2021-11-24 14:45:00,3567.68,3575.5,3565.0,3575.5,47999
202,2021-11-24 14:30:00,3567.35,3576.2063,3563.29,3566.595,59263
203,2021-11-24 14:15:00,3574.665,3584.79,3560.0001,3567.64,96750
204,2021-11-24 14:00:00,3583.04,3587.2,3573.76,3574.0,52765
205,2021-11-24 13:45:00,3592.95,3594.3463,3584.18,3584.18,45433
206,2021-11-24 13:30:00,3595.81,3598.0,3591.6033,3592.065,32545
207,2021-11-24 13:15:00,3597.33,3599.98,3592.185,3595.0,32860
208,2021-11-24 13:00:00,3597.9214,3599.81,3594.32,3595.585,28162
209,2021-11-24 12:45:00,3591.0,3599.36,3589.43,3596.63,37694
210,2021-11-24 12:30:00,3601.15,3601.4,3587.1942,3590.5,74835
211,2021-11-24 12:15:00,3601.71,3605.1562,3595.5,3600.6552,63468
212,2021-11-24 12:00:00,3599.5,3613.64,3597.55,3602.805,91350
213,2021-11-24 11:45:00,3601.85,3605.55,3594.73,3600.01,102223
214,2021-11-24 11:30:00,3580.0,3602.81,3578.7,3600.27,147616
215,2021-11-24 11:15:00,3572.0,3579.62,3563.69,3579.25,62412
216,2021-11-24 11:00:00,3567.24,3578.7799,3565.01,3571.97,70816
217,2021-11-24 10:45:00,3571.35,3577.9099,3563.0,3565.2001,127302
218,2021-11-24 10:30:00,3548.99,3572.78,3547.3157,3572.78,106163
219,2021-11-24 10:15:00,3554.63,3564.12,3541.51,3548.54,127787
220,2021-11-24 10:00:00,3552.56,3556.99,3536.85,3555.99,111743
221,2021-11-24 09:45:00,3562.67,3569.95,3543.1101,3549.4901,191845
222,2021-11-24 09:30:00,3560.0,3567.05,3560.0,3563.3,2016
223,2021-11-24 09:15:00,3565.8612,3565.8612,3560.49,3563.0,811
224,2021-11-24 09:00:00,3565.8,3565.8,3565.0,3565.0,930
225,2021-11-24 08:45:00,3576.46,3578.0,3571.8,3571.8,2138
226,2021-11-24 08:15:00,3565.01,3571.09,3564.03,3570.0,1653
227,2021-11-24 08:00:00,3567.0,3567.0,3564.01,3566.0,822
228,2021-11-24 07:45:00,3569.0,3569.0,3569.0,3569.0,285
229,2021-11-24 07:30:00,3570.02,3570.02,3570.02,3570.02,368
230,2021-11-24 07:15:00,3572.3,3575.0,3572.3,3575.0,556
231,2021-11-24 07:00:00,3575.01,3575.01,3575.01,3575.01,192
232,2021-11-23 19:15:00,3580.04,3580.04,3580.04,3580.04,315
233,2021-11-23 17:00:00,3580.04,3580.04,3580.04,3580.04,394
234,2021-11-23 16:30:00,3575.0,3575.0,3575.0,3575.0,717
235,2021-11-23 16:15:00,3580.04,3580.24,3577.0,3577.0,65518
236,2021-11-23 16:00:00,3580.65,3583.27,3572.88,3580.56,186950
237,2021-11-23 15:45:00,3580.98,3589.81,3576.776,3578.9,100785
238,2021-11-23 15:30:00,3588.45,3589.95,3573.06,3580.08,124931
239,2021-11-23 15:15:00,3579.4655,3588.8399,3567.485,3586.29,117168
240,2021-11-23 15:00:00,3555.98,3580.4,3554.28,3578.17,118159
241,2021-11-23 14:45:00,3555.87,3562.35,3554.0001,3557.1825,59840
242,2021-11-23 14:30:00,3560.39,3560.39,3546.56,3556.47,100370
243,2021-11-23 14:15:00,3556.43,3563.13,3552.01,3561.52,122953
244,2021-11-23 14:00:00,3537.85,3558.16,3537.85,3555.66,102434
245,2021-11-23 13:45:00,3541.29,3541.675,3527.71,3536.54,96413
246,2021-11-23 13:30:00,3545.84,3547.935,3541.0,3542.67,58643
247,2021-11-23 13:15:00,3541.9,3549.87,3540.01,3544.99,45525
248,2021-11-23 13:00:00,3543.41,3551.0,3539.61,3543.09,79594
249,2021-11-23 12:45:00,3553.19,3563.0499,3542.0001,3544.42,44669
250,2021-11-23 12:30:00,3537.2,3558.0,3537.2,3552.305,80024
251,2021-11-23 12:15:00,3553.93,3555.6,3537.61,3537.61,79844
252,2021-11-23 12:00:00,3552.2,3566.0,3548.38,3554.45,76274
253,2021-11-23 11:45:00,3562.0,3567.88,3552.01,3552.92,85116
254,2021-11-23 11:30:00,3551.32,3567.75,3547.41,3562.92,125313
255,2021-11-23 11:15:00,3547.525,3552.58,3529.15,3552.58,214141
256,2021-11-23 11:00:00,3555.05,3566.0,3545.09,3548.14,134081
257,2021-11-23 10:45:00,3561.5,3572.022,3552.37,3555.21,137549
258,2021-11-23 10:30:00,3566.84,3580.0,3561.01,3561.6706,111092
259,2021-11-23 10:15:00,3593.0,3595.09,3557.0,3564.53,202579
260,2021-11-23 10:00:00,3605.61,3618.0,3591.1501,3593.0,171893
261,2021-11-23 09:45:00,3585.04,3621.05,3562.24,3605.0,420791
262,2021-11-23 09:30:00,3574.98,3588.27,3572.5,3581.04,8360
263,2021-11-23 09:15:00,3575.06,3579.5941,3570.24,3572.0,4241
264,2021-11-23 09:00:00,3584.93,3587.0,3577.02,3577.74,7597
265,2021-11-23 08:45:00,3573.25,3578.0,3573.25,3577.7,2314
266,2021-11-23 08:30:00,3569.97,3577.9396,3569.84,3577.9396,4273
267,2021-11-23 08:15:00,3562.0,3565.0,3560.0,3562.0,2106
268,2021-11-23 08:00:00,3562.95,3562.95,3562.95,3562.95,314
269,2021-11-23 07:15:00,3559.55,3571.0,3559.55,3566.0,3473
270,2021-11-23 07:00:00,3552.89,3557.0,3552.89,3557.0,467
271,2021-11-23 06:45:00,3547.99,3548.0,3547.99,3548.0,472
272,2021-11-23 06:30:00,3545.0,3545.0,3545.0,3545.0,202
273,2021-11-23 06:15:00,3553.0,3553.0,3542.01,3542.01,747
274,2021-11-23 06:00:00,3556.5,3556.5,3556.5,3556.5,202
275,2021-11-23 05:45:00,3556.0,3556.0,3556.0,3556.0,158
276,2021-11-23 05:30:00,3558.0,3558.0,3558.0,3558.0,303
277,2021-11-23 05:15:00,3555.99,3558.0,3555.99,3558.0,1311
278,2021-11-23 05:00:00,3555.0,3555.0,3555.0,3555.0,486
279,2021-11-22 19:30:00,3575.0001,3575.0001,3575.0001,3575.0001,149
280,2021-11-22 19:15:00,3578.0,3578.03,3578.0,3578.03,504
281,2021-11-22 18:45:00,3578.01,3578.01,3578.01,3578.01,435
282,2021-11-22 18:30:00,3579.0,3579.0,3579.0,3579.0,444
283,2021-11-22 18:15:00,3578.16,3578.16,3577.0,3577.0,843
284,2021-11-22 17:00:00,3572.57,3578.2,3572.57,3578.2,4042
285,2021-11-22 16:45:00,3577.0,3579.0,3577.0,3579.0,2519
286,2021-11-22 16:30:00,3576.8,3579.57,3576.8,3578.0,34306
287,2021-11-22 16:15:00,3572.57,3577.0,3570.65,3577.0,39850
288,2021-11-22 16:00:00,3592.14,3598.65,3569.12,3572.83,344345
289,2021-11-22 15:45:00,3603.3855,3605.9,3590.0801,3590.0801,107605
290,2021-11-22 15:30:00,3612.21,3615.04,3602.24,3605.04,96445
291,2021-11-22 15:15:00,3612.4903,3623.1499,3611.45,3612.8817,99562
292,2021-11-22 15:00:00,3613.0,3616.0,3608.42,3612.82,80322
293,2021-11-22 14:45:00,3595.09,3613.0,3594.285,3612.01,103842
294,2021-11-22 14:30:00,3598.46,3603.48,3595.0,3595.19,71462
295,2021-11-22 14:15:00,3582.52,3597.077,3581.445,3597.077,58953
296,2021-11-22 14:00:00,3601.0101,3605.0,3580.64,3580.64,124123
297,2021-11-22 13:45:00,3597.14,3603.0,3592.81,3600.64,91429
298,2021-11-22 13:30:00,3587.2,3598.94,3586.735,3598.02,89037
299,2021-11-22 13:15:00,3588.23,3588.495,3578.0,3586.63,90786
300,2021-11-22 13:00:00,3592.72,3604.415,3585.0,3588.0,140626
301,2021-11-22 12:45:00,3575.17,3594.63,3571.65,3593.29,161091
302,2021-11-22 12:30:00,3586.66,3590.94,3567.5,3574.515,175000
303,2021-11-22 12:15:00,3587.56,3595.42,3582.03,3585.52,117103
304,2021-11-22 12:00:00,3607.94,3611.61,3577.58,3590.24,237205
305,2021-11-22 11:45:00,3608.14,3621.0,3604.0,3607.0,158153
306,2021-11-22 11:30:00,3611.885,3616.5795,3604.52,3609.51,176501
307,2021-11-22 11:15:00,3601.0,3614.45,3597.01,3609.85,228511
308,2021-11-22 11:00:00,3623.45,3624.16,3598.32,3601.91,254465
309,2021-11-22 10:45:00,3612.31,3634.0,3612.25,3624.41,207194
310,2021-11-22 10:30:00,3660.4675,3660.58,3613.0,3613.0,312268
311,2021-11-22 10:15:00,3670.14,3674.1684,3654.01,3661.08,221338
312,2021-11-22 10:00:00,3685.0,3699.3999,3667.82,3667.82,173402
313,2021-11-22 09:45:00,3676.3768,3713.455,3675.0,3685.27,435078
314,2021-11-22 09:30:00,3687.9,3691.72,3676.47,3676.47,14082
315,2021-11-22 09:15:00,3687.98,3687.98,3687.98,3687.98,939
316,2021-11-22 09:00:00,3685.0,3687.0,3682.17,3682.17,3967
317,2021-11-22 08:45:00,3684.5,3690.0,3684.5,3686.0,3989
318,2021-11-22 08:30:00,3685.0,3685.0,3681.02,3683.8,1714
319,2021-11-22 08:15:00,3692.4765,3695.95,3687.7,3688.0,4806
320,2021-11-22 08:00:00,3689.0,3689.0,3689.0,3689.0,411
321,2021-11-22 07:45:00,3692.0,3692.0,3689.0,3690.9,2739
322,2021-11-22 07:30:00,3690.0,3690.0,3689.4,3689.4,715
323,2021-11-22 07:15:00,3693.61,3695.94,3693.0,3695.11,3836
324,2021-11-22 07:00:00,3696.0,3696.0,3696.0,3696.0,430
325,2021-11-22 06:30:00,3696.0,3697.35,3696.0,3697.35,480
326,2021-11-22 05:00:00,3698.0,3698.0,3698.0,3698.0,200
327,2021-11-22 04:15:00,3688.15,3700.0,3688.15,3700.0,1413
328,2021-11-19 19:45:00,3672.0,3672.0,3672.0,3672.0,151
329,2021-11-19 19:15:00,3672.0,3672.0,3672.0,3672.0,130
330,2021-11-19 19:00:00,3672.0,3672.0,3672.0,3672.0,644
331,2021-11-19 18:15:00,3672.25,3672.25,3672.25,3672.25,429
332,2021-11-19 17:45:00,3672.0,3672.0,3672.0,3672.0,334
333,2021-11-19 17:30:00,3673.0,3676.57,3672.0,3672.25,2271
334,2021-11-19 17:15:00,3672.07,3672.5,3672.07,3672.5,402
335,2021-11-19 17:00:00,3672.01,3676.57,3672.01,3672.2,2536
336,2021-11-19 16:45:00,3673.0,3676.57,3672.0,3672.5,5672
337,2021-11-19 16:30:00,3673.62,3676.57,3672.0,3672.5,19693
338,2021-11-19 16:15:00,3676.57,3676.57,3674.69,3674.69,234514
339,2021-11-19 16:00:00,3687.31,3690.1599,3675.72,3676.82,249795
340,2021-11-19 15:45:00,3685.9564,3689.66,3677.0,3686.981,167630
341,2021-11-19 15:30:00,3694.23,3697.65,3686.0,3686.02,102377
342,2021-11-19 15:15:00,3703.15,3703.45,3694.34,3695.691,95122
343,2021-11-19 15:00:00,3707.13,3708.36,3698.44,3701.0,78132
344,2021-11-19 14:45:00,3713.825,3718.32,3702.61,3708.1,97163
345,2021-11-19 14:30:00,3714.52,3720.5221,3711.4201,3713.3605,112054
346,2021-11-19 14:15:00,3714.41,3716.2199,3704.5286,3714.56,81995
347,2021-11-19 14:00:00,3704.99,3714.9,3703.04,3713.3075,112099
348,2021-11-19 13:45:00,3686.695,3704.865,3686.695,3704.39,150986
349,2021-11-19 13:30:00,3718.99,3719.49,3682.6801,3687.49,216720
350,2021-11-19 13:15:00,3724.02,3727.96,3717.5,3718.3,77267
351,2021-11-19 13:00:00,3731.1775,3731.2727,3715.8026,3723.21,129630
352,2021-11-19 12:45:00,3745.025,3747.7909,3726.05,3731.235,98484
353,2021-11-19 12:30:00,3743.28,3747.47,3737.655,3745.5,84501
354,2021-11-19 12:15:00,3753.385,3756.15,3741.2464,3744.99,105485
355,2021-11-19 12:00:00,3753.1875,3762.145,3751.45,3754.48,184334
356,2021-11-19 11:45:00,3754.12,3757.0,3747.794,3753.18,112767
357,2021-11-19 11:30:00,3749.44,3759.6696,3746.35,3752.195,145512
358,2021-11-19 11:15:00,3742.075,3755.87,3740.48,3749.4399,165574
359,2021-11-19 11:00:00,3741.005,3744.6447,3731.31,3741.97,102041
360,2021-11-19 10:45:00,3733.195,3745.0,3726.5571,3740.71,132994
361,2021-11-19 10:30:00,3730.8012,3748.85,3725.51,3733.67,203718
362,2021-11-19 10:15:00,3756.19,3756.19,3718.0,3731.5,336631
363,2021-11-19 10:00:00,3748.01,3756.9,3735.84,3754.91,305512
364,2021-11-19 09:45:00,3712.69,3749.72,3705.18,3748.52,779517
365,2021-11-19 09:30:00,3709.0,3718.0,3707.11,3709.14,26029
366,2021-11-19 09:15:00,3709.74,3712.85,3708.5,3709.0,8137
367,2021-11-19 09:00:00,3709.74,3710.0,3708.71,3710.0,1989
368,2021-11-19 08:45:00,3707.92,3710.01,3707.89,3710.0,5319
369,2021-11-19 08:30:00,3710.0,3710.0,3707.92,3709.9983,3278
370,2021-11-19 08:15:00,3700.8431,3715.0,3700.8431,3713.0,15502
371,2021-11-19 08:00:00,3702.03,3711.55,3702.03,3711.2,5932
372,2021-11-19 07:45:00,3700.0,3705.0,3700.0,3704.5,2189
373,2021-11-19 07:30:00,3700.3,3702.0,3700.3,3702.0,1992
374,2021-11-19 07:15:00,3703.95,3705.16,3702.06,3703.0,5149
375,2021-11-19 07:00:00,3699.0,3701.24,3699.0,3700.5,858
376,2021-11-19 06:45:00,3700.0,3700.0,3700.0,3700.0,201
377,2021-11-19 05:45:00,3702.97,3702.97,3702.97,3702.97,251
378,2021-11-19 05:30:00,3702.0,3703.0,3702.0,3703.0,546
379,2021-11-19 05:15:00,3704.65,3704.65,3702.0,3702.0,1028
380,2021-11-19 05:00:00,3705.0,3705.0,3702.0,3702.0,1140
381,2021-11-19 04:45:00,3710.97,3710.97,3705.0,3705.0,838
382,2021-11-19 04:15:00,3714.48,3714.48,3714.48,3714.48,281
383,2021-11-18 20:00:00,3700.0,3700.0,3698.2,3698.2,1415
384,2021-11-18 19:45:00,3698.51,3698.51,3698.51,3698.51,110
385,2021-11-18 19:15:00,3699.0,3701.0,3699.0,3700.02,1863
386,2021-11-18 19:00:00,3699.0,3699.0,3699.0,3699.0,454
387,2021-11-18 18:45:00,3700.0,3702.0,3698.23,3698.23,906
388,2021-11-18 18:30:00,3701.0,3701.0,3701.0,3701.0,757
389,2021-11-18 18:15:00,3700.0001,3702.49,3700.0001,3702.49,457
390,2021-11-18 18:00:00,3701.33,3702.0,3701.0,3701.0,1898
391,2021-11-18 17:45:00,3703.0,3703.0,3700.0,3701.0,2136
392,2021-11-18 17:30:00,3701.02,3702.0,3701.02,3702.0,1157
393,2021-11-18 17:15:00,3702.88,3702.88,3702.88,3702.88,986
394,2021-11-18 17:00:00,3700.03,3702.88,3696.06,3696.06,3168
395,2021-11-18 16:45:00,3696.06,3700.0,3696.06,3700.0,9334
396,2021-11-18 16:30:00,3696.06,3696.06,3695.0,3695.0,529
397,2021-11-18 16:15:00,3698.02,3699.01,3695.99,3696.06,89245
398,2021-11-18 16:00:00,3693.225,3704.2,3692.27,3696.07,551078
399,2021-11-18 15:45:00,3681.7372,3694.0,3680.15,3693.585,249783
400,2021-11-18 15:30:00,3679.265,3681.15,3671.55,3681.15,136800
401,2021-11-18 15:15:00,3667.43,3684.8399,3665.735,3679.2517,164531
402,2021-11-18 15:00:00,3671.08,3675.07,3664.24,3669.12,93694
403,2021-11-18 14:45:00,3672.22,3679.0,3663.018,3669.965,133788
404,2021-11-18 14:30:00,3682.51,3682.68,3668.09,3672.5,109715
405,2021-11-18 14:15:00,3680.18,3684.2,3674.0,3682.29,138279
406,2021-11-18 14:00:00,3678.93,3682.67,3676.195,3680.18,110616
407,2021-11-18 13:45:00,3669.7,3679.3,3667.6105,3679.21,114879
408,2021-11-18 13:30:00,3670.77,3674.55,3666.0,3669.46,105397
409,2021-11-18 13:15:00,3662.56,3674.97,3662.56,3669.9234,158958
410,2021-11-18 13:00:00,3659.32,3665.0,3651.17,3663.83,144916
411,2021-11-18 12:45:00,3674.4,3674.5,3658.39,3659.86,144117
412,2021-11-18 12:30:00,3673.5959,3679.75,3670.0,3673.8,136741
413,2021-11-18 12:15:00,3664.99,3676.285,3664.79,3672.97,216372
414,2021-11-18 12:00:00,3667.67,3673.0,3662.0,3664.7605,245452
415,2021-11-18 11:45:00,3648.455,3667.7224,3645.8,3666.1604,248846
416,2021-11-18 11:30:00,3633.81,3652.57,3631.5,3648.0,291366
417,2021-11-18 11:15:00,3637.01,3637.425,3622.0,3632.915,173718
418,2021-11-18 11:00:00,3621.96,3638.0,3618.3161,3637.01,239915
419,2021-11-18 10:45:00,3608.61,3628.39,3608.0042,3620.0,282712
420,2021-11-18 10:30:00,3603.6,3612.31,3596.97,3607.805,203589
421,2021-11-18 10:15:00,3581.7201,3622.0,3581.7201,3605.695,479812
422,2021-11-18 10:00:00,3577.61,3586.65,3563.61,3583.64,197174
423,2021-11-18 09:45:00,3566.35,3583.99,3561.0,3580.05,245195
424,2021-11-18 09:30:00,3571.0,3571.0,3562.0,3564.25,5099
425,2021-11-18 09:15:00,3567.06,3569.99,3567.06,3569.99,396
426,2021-11-18 09:00:00,3570.89,3570.89,3570.89,3570.89,460
427,2021-11-18 08:30:00,3570.01,3570.01,3570.01,3570.01,181
428,2021-11-18 08:15:00,3566.0,3572.0,3540.128,3571.0,4424
429,2021-11-18 08:00:00,3570.0,3572.29,3570.0,3572.29,1988
430,2021-11-18 07:45:00,3566.31,3571.58,3566.31,3570.05,3195
431,2021-11-18 07:30:00,3564.79,3566.32,3563.82,3566.32,1681
432,2021-11-18 07:15:00,3564.0,3566.0,3564.0,3565.5,939
433,2021-11-17 20:00:00,3559.0,3559.0,3559.0,3559.0,443
434,2021-11-17 19:00:00,3559.0,3559.0,3559.0,3559.0,150
435,2021-11-17 18:30:00,3556.23,3556.23,3555.0,3555.0,340
436,2021-11-17 17:30:00,3559.0,3559.0,3555.0,3555.0,493
437,2021-11-17 17:15:00,3558.0,3558.0,3558.0,3558.0,418
438,2021-11-17 17:00:00,3549.0,3549.0,3549.0,3549.0,3639
439,2021-11-17 16:45:00,3549.0,3552.55,3549.0,3552.55,1181
440,2021-11-17 16:15:00,3549.0,3549.11,3548.19,3549.0,50740
441,2021-11-17 16:00:00,3556.0,3558.0,3545.35,3548.86,195688
442,2021-11-17 15:45:00,3553.48,3559.0,3552.5699,3555.13,68691
443,2021-11-17 15:30:00,3556.995,3560.0,3552.0,3553.0,70800
444,2021-11-17 15:15:00,3562.0,3562.0,3547.66,3557.6899,79256
445,2021-11-17 15:00:00,3555.71,3563.2299,3554.11,3562.0,54354
446,2021-11-17 14:45:00,3561.435,3563.9999,3555.85,3555.85,48922
447,2021-11-17 14:30:00,3569.15,3569.37,3560.28,3562.33,43058
448,2021-11-17 14:15:00,3571.64,3571.64,3565.9384,3568.045,32388
449,2021-11-17 14:00:00,3567.39,3572.5,3565.5,3571.68,49089
450,2021-11-17 13:45:00,3566.02,3567.46,3560.56,3565.93,40259
451,2021-11-17 13:30:00,3561.5,3567.0,3558.0451,3566.67,54402
452,2021-11-17 13:15:00,3571.89,3573.256,3560.0,3561.72,72516
453,2021-11-17 13:00:00,3579.66,3582.43,3570.55,3572.55,79042
454,2021-11-17 12:45:00,3572.14,3581.0,3571.27,3580.64,66541
455,2021-11-17 12:30:00,3580.52,3582.87,3571.0,3572.15,75965
456,2021-11-17 12:15:00,3578.045,3587.245,3578.04,3580.0,157905
457,2021-11-17 12:00:00,3568.9999,3579.12,3567.69,3578.78,74818
458,2021-11-17 11:45:00,3558.0,3569.99,3557.0865,3569.2,52292
459,2021-11-17 11:30:00,3559.71,3563.59,3554.62,3558.72,43186
460,2021-11-17 11:15:00,3552.75,3561.3751,3551.2582,3559.6,68918
461,2021-11-17 11:00:00,3564.0,3566.0,3549.54,3554.33,59462
462,2021-11-17 10:45:00,3565.0,3567.643,3555.0,3564.22,88517
463,2021-11-17 10:30:00,3578.48,3579.305,3565.41,3566.27,88770
464,2021-11-17 10:15:00,3566.05,3582.0,3565.0001,3578.375,133273
465,2021-11-17 10:00:00,3576.5,3583.0,3560.9801,3568.36,181933
466,2021-11-17 09:45:00,3564.72,3580.0,3559.95,3576.495,332478
467,2021-11-17 09:30:00,3559.98,3564.95,3558.0,3564.95,3377
468,2021-11-17 09:15:00,3559.6,3561.0,3558.73,3560.0,2753
469,2021-11-17 09:00:00,3557.0,3557.0,3540.7,3540.7,1515
470,2021-11-17 08:45:00,3555.01,3555.04,3555.01,3555.04,322
471,2021-11-17 08:30:00,3554.3874,3554.3874,3554.3874,3554.3874,760
472,2021-11-17 08:15:00,3550.75,3559.94,3531.849,3554.5,5207
473,2021-11-17 08:00:00,3559.0,3559.0,3558.89,3558.89,459
474,2021-11-17 07:45:00,3551.0,3561.0,3551.0,3561.0,1989
475,2021-11-17 07:30:00,3552.49,3552.49,3552.49,3552.49,310
476,2021-11-17 07:00:00,3550.67,3550.67,3550.67,3550.67,1851
477,2021-11-16 19:00:00,3543.5,3543.5,3543.5,3543.5,225
478,2021-11-16 18:30:00,3541.0,3541.0,3541.0,3541.0,215
479,2021-11-16 17:45:00,3542.0,3542.0,3541.0001,3541.0001,437
480,2021-11-16 17:15:00,3541.0,3541.0,3541.0,3541.0,208
481,2021-11-16 16:45:00,3540.7,3540.7,3540.7,3540.7,355
482,2021-11-16 16:30:00,3542.0,3542.0,3542.0,3542.0,299
483,2021-11-16 16:15:00,3540.7,3541.25,3540.5,3540.75,129783
484,2021-11-16 16:00:00,3545.25,3545.4705,3537.0,3540.7,161510
485,2021-11-16 15:45:00,3548.19,3550.0,3542.75,3546.98,68912
486,2021-11-16 15:30:00,3541.72,3551.0,3539.0,3549.975,70499
487,2021-11-16 15:15:00,3542.67,3543.22,3538.98,3541.55,51474
488,2021-11-16 15:00:00,3541.235,3546.03,3540.71,3542.945,36291
489,2021-11-16 14:45:00,3541.7399,3542.648,3539.8205,3540.25,32294
490,2021-11-16 14:30:00,3542.2,3543.51,3539.28,3542.01,48903
491,2021-11-16 14:15:00,3546.775,3547.36,3540.25,3542.87,36895
492,2021-11-16 14:00:00,3546.89,3547.9899,3542.73,3547.76,47627
493,2021-11-16 13:45:00,3547.56,3548.0018,3545.0,3547.03,45910
494,2021-11-16 13:30:00,3554.48,3555.02,3546.51,3546.7,40591
495,2021-11-16 13:15:00,3557.99,3558.28,3554.0,3554.2079,37342
496,2021-11-16 13:00:00,3561.19,3562.5899,3558.29,3558.29,29537
497,2021-11-16 12:45:00,3557.99,3562.06,3556.02,3561.59,40146
498,2021-11-16 12:30:00,3561.01,3563.07,3555.39,3558.2,37032
499,2021-11-16 12:15:00,3557.77,3562.0,3554.0,3561.294,36815
500,2021-11-16 12:00:00,3551.0,3559.843,3550.8073,3557.15,54856
501,2021-11-16 11:45:00,3561.34,3563.32,3550.01,3550.01,55941
502,2021-11-16 11:30:00,3560.35,3565.9099,3558.5306,3560.79,84204
503,2021-11-16 11:15:00,3544.58,3560.35,3543.8441,3560.33,82560
504,2021-11-16 11:00:00,3539.385,3546.39,3537.113,3544.67,57484
505,2021-11-16 10:45:00,3525.2,3540.4177,3525.1466,3537.88,87564
506,2021-11-16 10:30:00,3548.47,3550.59,3528.0,3528.2264,143903
507,2021-11-16 10:15:00,3539.99,3551.375,3539.26,3548.06,100804
508,2021-11-16 10:00:00,3562.59,3564.6,3538.48,3539.96,150748
509,2021-11-16 09:45:00,3539.0,3576.5,3539.0,3561.26,237509
510,2021-11-16 09:30:00,3539.1,3539.99,3538.68,3538.68,2524
511,2021-11-16 09:15:00,3540.0,3542.0,3540.0,3540.0,822
512,2021-11-16 09:00:00,3542.0,3542.31,3542.0,3542.0,2354
513,2021-11-16 08:45:00,3546.5,3548.0,3546.5,3548.0,1098
514,2021-11-16 08:30:00,3545.4786,3545.4786,3545.398,3545.398,226
515,2021-11-16 08:15:00,3538.0001,3544.03,3535.0787,3544.03,1598
516,2021-11-16 07:45:00,3543.89,3543.89,3543.89,3543.89,115
517,2021-11-16 07:30:00,3536.02,3542.01,3536.0,3542.01,2161
518,2021-11-16 07:15:00,3544.37,3544.37,3535.94,3536.02,2956
519,2021-11-15 19:15:00,3546.0,3546.0,3546.0,3546.0,310
520,2021-11-15 18:45:00,3546.99,3546.99,3546.99,3546.99,173
521,2021-11-15 16:45:00,3545.68,3545.68,3545.68,3545.68,1710
522,2021-11-15 16:30:00,3543.5,3545.68,3543.5,3545.68,422
523,2021-11-15 16:15:00,3545.68,3545.68,3544.0,3544.0,129124
524,2021-11-15 16:00:00,3545.36,3547.13,3537.06,3545.69,150533
525,2021-11-15 15:45:00,3555.625,3555.625,3540.0,3546.0,73874
526,2021-11-15 15:30:00,3550.7991,3556.0059,3548.7484,3555.43,45695
527,2021-11-15 15:15:00,3552.915,3553.245,3544.62,3549.42,56486
528,2021-11-15 15:00:00,3560.0,3562.33,3547.68,3551.96,58089
529,2021-11-15 14:45:00,3557.325,3561.89,3553.83,3560.5332,63755
530,2021-11-15 14:30:00,3563.305,3564.52,3555.01,3560.14,54525
531,2021-11-15 14:15:00,3547.72,3567.33,3543.11,3561.5,103546
532,2021-11-15 14:00:00,3549.96,3553.0413,3547.865,3547.865,32315
533,2021-11-15 13:45:00,3549.43,3552.0,3547.43,3550.31,40626
534,2021-11-15 13:30:00,3548.0,3555.56,3545.01,3550.0,64926
535,2021-11-15 13:15:00,3539.575,3550.63,3538.73,3547.93,48330
536,2021-11-15 13:00:00,3543.61,3545.97,3537.22,3539.58,42172
537,2021-11-15 12:45:00,3539.075,3545.93,3536.0,3544.915,55361
538,2021-11-15 12:30:00,3541.52,3544.42,3531.6,3538.02,61199
539,2021-11-15 12:15:00,3531.345,3545.671,3531.345,3542.7465,59105
540,2021-11-15 12:00:00,3527.01,3536.7,3525.81,3532.37,81715
541,2021-11-15 11:45:00,3543.05,3552.5123,3527.0982,3529.09,88879
542,2021-11-15 11:30:00,3543.84,3549.27,3543.0,3543.0,57940
543,2021-11-15 11:15:00,3544.4607,3552.23,3542.25,3543.24,69706
544,2021-11-15 11:00:00,3541.5,3551.99,3539.02,3544.915,74262
545,2021-11-15 10:45:00,3551.99,3554.0,3535.0001,3542.475,116439
546,2021-11-15 10:30:00,3552.0,3557.33,3542.2101,3551.5,113309
547,2021-11-15 10:15:00,3584.51,3588.0,3546.52,3553.815,189085
548,2021-11-15 10:00:00,3576.95,3593.88,3572.0,3584.64,217480
549,2021-11-15 09:45:00,3537.0,3583.0,3532.0,3576.3691,312803
550,2021-11-15 09:30:00,3540.0,3540.0,3534.0,3538.77,7005
551,2021-11-15 09:15:00,3541.69,3543.0,3541.1,3541.1,2473
552,2021-11-15 09:00:00,3540.88,3540.88,3540.0,3540.0,1327
553,2021-11-15 08:45:00,3539.99,3542.27,3539.97,3542.27,1979
554,2021-11-15 08:30:00,3539.8,3540.0,3539.8,3540.0,928
555,2021-11-15 08:15:00,3534.9955,3536.57,3516.338,3536.57,2475
556,2021-11-15 08:00:00,3533.0,3534.5,3533.0,3534.5,767
557,2021-11-15 07:30:00,3534.5,3534.5,3534.5,3534.5,543
558,2021-11-15 06:00:00,3531.0,3531.0,3531.0,3531.0,200
559,2021-11-12 17:45:00,3525.15,3525.15,3525.15,3525.15,1373
560,2021-11-12 17:15:00,3525.23,3525.23,3524.89,3524.89,574
561,2021-11-12 17:00:00,3525.15,3525.15,3525.0,3525.0,1935
562,2021-11-12 16:45:00,3523.0,3525.15,3523.0,3524.51,6868
563,2021-11-12 16:30:00,3525.0,3525.3,3523.0,3523.0,2863
564,2021-11-12 16:15:00,3525.15,3525.15,3523.0,3525.0,117719
565,2021-11-12 16:00:00,3524.91,3527.52,3517.625,3525.97,185747
566,2021-11-12 15:45:00,3522.625,3529.75,3522.625,3526.48,84346
567,2021-11-12 15:30:00,3512.27,3523.5,3512.08,3522.66,81668
568,2021-11-12 15:15:00,3515.81,3516.1117,3507.24,3513.02,41429
569,2021-11-12 15:00:00,3511.24,3517.27,3509.85,3516.0,53094
570,2021-11-12 14:45:00,3513.42,3514.73,3506.135,3510.66,72732
571,2021-11-12 14:30:00,3517.95,3518.5,3513.025,3513.185,29254
572,2021-11-12 14:15:00,3520.12,3520.12,3516.71,3518.61,30494
573,2021-11-12 14:00:00,3524.79,3526.0,3519.64,3521.27,22598
574,2021-11-12 13:45:00,3521.8485,3525.41,3520.6601,3524.625,30023
575,2021-11-12 13:30:00,3522.89,3523.22,3516.435,3521.77,48130
576,2021-11-12 13:15:00,3527.33,3529.7678,3520.22,3522.9486,69391
577,2021-11-12 13:00:00,3538.0201,3538.52,3527.23,3529.9999,65536
578,2021-11-12 12:45:00,3534.5,3540.7262,3530.205,3539.1881,93367
579,2021-11-12 12:30:00,3534.455,3538.0,3531.31,3534.38,80605
580,2021-11-12 12:15:00,3519.37,3536.395,3518.39,3535.13,136975
581,2021-11-12 12:00:00,3516.26,3520.59,3511.5647,3518.36,71540
582,2021-11-12 11:45:00,3520.16,3522.84,3513.13,3515.9687,79895
583,2021-11-12 11:30:00,3513.58,3521.24,3512.89,3520.58,122183
584,2021-11-12 11:15:00,3495.64,3517.18,3495.5,3513.875,139004
585,2021-11-12 11:00:00,3485.17,3497.0,3482.9233,3495.55,79056
586,2021-11-12 10:45:00,3489.17,3490.26,3478.09,3484.82,50307
587,2021-11-12 10:30:00,3487.89,3488.44,3474.84,3486.0457,88430
588,2021-11-12 10:15:00,3472.28,3491.2645,3472.28,3485.58,110930
589,2021-11-12 10:00:00,3469.6,3485.0,3454.51,3476.0,136844
590,2021-11-12 09:45:00,3485.0,3487.07,3447.05,3469.6599,302083
591,2021-11-12 09:30:00,3490.99,3492.0,3472.5,3488.0,8618
592,2021-11-12 09:15:00,3488.0,3490.0,3472.5,3472.5,2222
593,2021-11-12 08:45:00,3486.99,3488.0,3486.99,3488.0,262
594,2021-11-12 08:30:00,3484.85,3484.85,3484.85,3484.85,638
595,2021-11-12 08:15:00,3478.14,3484.88,3463.819,3484.88,1671
596,2021-11-12 07:45:00,3481.9,3483.0,3480.0,3480.0,1813
597,2021-11-12 07:00:00,3480.5,3480.5,3480.5,3480.5,174
598,2021-11-12 05:45:00,3477.5,3477.5,3477.5,3477.5,411
599,2021-11-12 04:30:00,3485.0,3485.0,3485.0,3485.0,269
600,2021-11-11 20:00:00,3486.0,3486.0,3486.0,3486.0,417
601,2021-11-11 19:45:00,3484.2,3484.2,3484.2,3484.2,145
602,2021-11-11 19:30:00,3482.0,3484.2,3482.0,3484.2,1450
603,2021-11-11 19:15:00,3482.0,3482.0,3482.0,3482.0,197
604,2021-11-11 19:00:00,3479.12,3479.12,3479.12,3479.12,336
605,2021-11-11 18:30:00,3478.82,3478.82,3478.82,3478.82,362
606,2021-11-11 17:30:00,3476.5,3476.5,3476.5,3476.5,213
607,2021-11-11 17:00:00,3472.5,3472.5,3472.5,3472.5,292
608,2021-11-11 16:45:00,3472.5,3475.82,3472.5,3475.82,8317
609,2021-11-11 16:15:00,3472.5,3473.21,3471.31,3473.21,14987
610,2021-11-11 16:00:00,3473.24,3477.16,3468.0,3472.46,175869
611,2021-11-11 15:45:00,3478.25,3479.3099,3473.01,3473.52,67802
612,2021-11-11 15:30:00,3468.91,3479.75,3468.48,3477.56,77098
613,2021-11-11 15:15:00,3478.025,3480.1,3467.47,3468.93,79920
614,2021-11-11 15:00:00,3487.13,3487.14,3478.69,3479.0,55641
615,2021-11-11 14:45:00,3484.7,3493.48,3484.31,3486.6301,53998
616,2021-11-11 14:30:00,3484.17,3486.99,3482.07,3483.01,43220
617,2021-11-11 14:15:00,3490.15,3492.92,3482.1,3483.79,56620
618,2021-11-11 14:00:00,3489.79,3496.65,3489.71,3492.005,37076
619,2021-11-11 13:45:00,3496.86,3498.04,3489.69,3490.2646,44631
620,2021-11-11 13:30:00,3489.04,3497.9,3489.0,3496.96,43254
621,2021-11-11 13:15:00,3494.41,3494.42,3488.91,3489.22,36236
622,2021-11-11 13:00:00,3503.0,3503.68,3496.51,3498.07,21973
623,2021-11-11 12:45:00,3496.55,3504.93,3494.4112,3503.04,43850
624,2021-11-11 12:30:00,3503.03,3503.5,3488.0,3497.5157,69503
625,2021-11-11 12:15:00,3514.06,3517.0,3503.593,3503.705,59506
626,2021-11-11 12:00:00,3519.99,3522.4076,3511.14,3513.75,44035
627,2021-11-11 11:45:00,3515.395,3522.0,3510.93,3519.52,53842
628,2021-11-11 11:30:00,3505.935,3520.307,3504.5095,3515.05,68785
629,2021-11-11 11:15:00,3510.885,3513.38,3501.7391,3505.03,53942
630,2021-11-11 11:00:00,3521.35,3523.8283,3510.68,3510.68,76940
631,2021-11-11 10:45:00,3508.85,3523.8,3506.36,3521.52,100764
632,2021-11-11 10:30:00,3530.86,3531.79,3505.334,3507.78,105931
633,2021-11-11 10:15:00,3540.545,3543.07,3521.005,3532.1291,127867
634,2021-11-11 10:00:00,3513.04,3543.24,3511.1,3539.62,213351
635,2021-11-11 09:45:00,3513.0,3528.65,3502.0,3513.745,256407
636,2021-11-11 09:30:00,3516.89,3519.8,3515.46,3515.46,5650
637,2021-11-11 09:15:00,3516.99,3516.99,3513.65,3513.65,1629
638,2021-11-11 09:00:00,3516.0,3516.99,3515.25,3516.99,1008
639,2021-11-11 08:30:00,3514.0,3518.0,3514.0,3518.0,900
640,2021-11-11 08:15:00,3513.3036,3516.0,3473.345,3511.9796,4343
641,2021-11-11 08:00:00,3514.72,3515.0,3514.72,3515.0,623
642,2021-11-11 07:45:00,3512.6,3513.0,3512.0,3513.0,914
643,2021-11-11 07:30:00,3511.15,3512.94,3511.15,3512.94,544
644,2021-11-11 07:15:00,3510.11,3514.0,3510.11,3513.0,1942
645,2021-11-11 06:30:00,3510.0,3510.0,3510.0,3510.0,230
646,2021-11-11 05:00:00,3514.07,3514.08,3514.07,3514.08,906
647,2021-11-10 20:00:00,3492.0,3493.6,3492.0,3493.6,923
648,2021-11-10 19:45:00,3492.0,3492.0,3492.0,3492.0,129
649,2021-11-10 19:30:00,3488.0,3488.0,3488.0,3488.0,521
650,2021-11-10 19:15:00,3486.5,3487.9,3486.5,3487.9,762
651,2021-11-10 18:45:00,3487.94,3489.0,3487.94,3489.0,652
652,2021-11-10 18:30:00,3488.0,3488.0,3488.0,3488.0,209
653,2021-11-10 17:45:00,3482.05,3482.05,3482.05,3482.05,2914
654,2021-11-10 17:30:00,3488.0,3488.5,3488.0,3488.5,448
655,2021-11-10 17:15:00,3485.0,3485.0,3482.05,3482.05,758
656,2021-11-10 17:00:00,3482.05,3482.05,3482.05,3482.05,4978
657,2021-11-10 16:45:00,3482.25,3483.33,3482.05,3483.33,4666
658,2021-11-10 16:30:00,3485.0,3485.0,3482.05,3482.05,2320
659,2021-11-10 16:15:00,3482.05,3482.05,3480.0,3482.05,36590
660,2021-11-10 16:00:00,3465.5,3488.44,3463.09,3482.1067,346709
661,2021-11-10 15:45:00,3485.65,3489.55,3464.44,3464.99,167153
662,2021-11-10 15:30:00,3491.56,3498.54,3487.2,3487.2,115945
663,2021-11-10 15:15:00,3481.9,3495.0,3480.66,3489.96,119027
664,2021-11-10 15:00:00,3474.06,3494.175,3473.1,3482.45,137613
665,2021-11-10 14:45:00,3487.77,3496.0,3472.755,3474.7,158433
666,2021-11-10 14:30:00,3510.0,3510.41,3486.665,3486.665,170749
667,2021-11-10 14:15:00,3525.84,3527.32,3507.6537,3509.0,106269
668,2021-11-10 14:00:00,3537.63,3538.62,3520.0,3527.3884,131422
669,2021-11-10 13:45:00,3544.03,3552.34,3536.4355,3537.52,74667
670,2021-11-10 13:30:00,3533.55,3548.67,3532.0,3543.41,104234
671,2021-11-10 13:15:00,3567.63,3571.04,3528.31,3532.63,188963
672,2021-11-10 13:00:00,3564.95,3569.855,3559.08,3568.0,81959
673,2021-11-10 12:45:00,3578.995,3583.0099,3561.88,3564.3,132593
674,2021-11-10 12:30:00,3592.315,3593.23,3578.0,3578.585,74189
675,2021-11-10 12:15:00,3594.0,3596.92,3591.45,3592.91,57679
676,2021-11-10 12:00:00,3585.1,3593.02,3584.9034,3592.51,73413
677,2021-11-10 11:45:00,3591.54,3595.23,3584.63,3584.975,108056
678,2021-11-10 11:30:00,3601.81,3603.51,3591.64,3592.63,97085
679,2021-11-10 11:15:00,3599.06,3604.225,3597.44,3602.265,68518
680,2021-11-10 11:00:00,3589.3859,3605.45,3589.3859,3599.0,126757
681,2021-11-10 10:45:00,3591.81,3594.09,3585.81,3588.5,75528
682,2021-11-10 10:30:00,3592.78,3603.0,3588.45,3592.81,154210
683,2021-11-10 10:15:00,3593.97,3599.97,3583.6289,3591.61,141281
684,2021-11-10 10:00:00,3582.78,3597.42,3563.87,3593.905,260513
685,2021-11-10 09:45:00,3563.87,3588.0,3541.3387,3581.15,428189
686,2021-11-10 09:30:00,3571.0,3571.0,3560.0,3562.94,6313
687,2021-11-10 09:15:00,3569.0,3571.0,3569.0,3571.0,2154
688,2021-11-10 09:00:00,3564.53,3569.0,3560.04,3567.0,6348
689,2021-11-10 08:45:00,3580.0,3580.0,3561.55,3565.11,9327
690,2021-11-10 08:30:00,3582.0,3582.0,3581.9936,3581.9936,1409
691,2021-11-10 08:15:00,3578.0385,3583.0,3566.56,3567.29,2463
692,2021-11-10 08:00:00,3578.29,3581.0,3578.29,3581.0,700
693,2021-11-10 07:45:00,3574.99,3580.0,3574.99,3580.0,1476
694,2021-11-10 07:30:00,3573.0,3579.0,3573.0,3579.0,1500
695,2021-11-10 07:15:00,3566.9,3573.9,3566.9,3573.9,2851
696,2021-11-10 07:00:00,3565.0,3565.0,3565.0,3565.0,505
697,2021-11-10 06:45:00,3570.36,3570.36,3570.36,3570.36,396
698,2021-11-10 05:45:00,3568.11,3568.11,3568.11,3568.11,432
699,2021-11-10 05:15:00,3571.5,3571.5,3571.5,3571.5,173
700,2021-11-09 20:00:00,3582.1,3582.1,3580.97,3580.97,600
701,2021-11-09 18:30:00,3584.99,3584.99,3584.99,3584.99,104
702,2021-11-09 18:15:00,3582.0,3582.0,3580.97,3580.97,266
703,2021-11-09 17:45:00,3582.3814,3582.3814,3582.3814,3582.3814,128
704,2021-11-09 17:30:00,3584.96,3584.96,3584.96,3584.96,369
705,2021-11-09 17:15:00,3579.9999,3583.5,3579.9999,3583.5,1991
706,2021-11-09 17:00:00,3578.49,3579.89,3578.18,3579.89,766
707,2021-11-09 16:45:00,3576.23,3576.23,3576.23,3576.23,3569
708,2021-11-09 16:30:00,3577.57,3578.4088,3576.23,3578.4088,1460
709,2021-11-09 16:15:00,3576.23,3578.0,3576.23,3577.8,25538
710,2021-11-09 16:00:00,3576.06,3580.0511,3568.91,3577.65,329395
711,2021-11-09 15:45:00,3567.58,3578.22,3566.55,3575.59,112905
712,2021-11-09 15:30:00,3569.74,3571.52,3563.25,3567.6,102997
713,2021-11-09 15:15:00,3573.22,3576.55,3569.105,3569.51,104000
714,2021-11-09 15:00:00,3580.865,3582.02,3563.701,3572.221,161414
715,2021-11-09 14:45:00,3584.3,3587.53,3579.445,3580.47,78449
716,2021-11-09 14:30:00,3580.455,3589.28,3580.455,3585.115,119443
717,2021-11-09 14:15:00,3581.99,3584.325,3575.94,3580.76,119498
718,2021-11-09 14:00:00,3585.0,3588.3788,3575.7357,3582.99,109288
719,2021-11-09 13:45:00,3585.59,3589.0,3575.76,3584.4,119234
720,2021-11-09 13:30:00,3586.185,3593.77,3583.2562,3584.73,130974
721,2021-11-09 13:15:00,3589.9999,3592.16,3577.16,3585.191,156847
722,2021-11-09 13:00:00,3572.45,3591.8,3572.45,3589.2,223894
723,2021-11-09 12:45:00,3561.58,3572.41,3560.0,3572.41,100352
724,2021-11-09 12:30:00,3562.99,3564.0,3556.345,3562.0,58887
725,2021-11-09 12:15:00,3563.77,3564.95,3553.29,3564.3874,120654
726,2021-11-09 12:00:00,3564.61,3575.3,3558.52,3565.56,203148
727,2021-11-09 11:45:00,3539.28,3566.6,3537.33,3565.23,141484
728,2021-11-09 11:30:00,3539.4209,3542.455,3535.92,3539.6229,63064
729,2021-11-09 11:15:00,3537.84,3544.2,3532.61,3539.81,90516
730,2021-11-09 11:00:00,3542.75,3547.0,3527.5,3537.63,106624
731,2021-11-09 10:45:00,3523.105,3544.0,3519.84,3543.13,180501
732,2021-11-09 10:30:00,3510.73,3525.0,3510.05,3519.94,134274
733,2021-11-09 10:15:00,3516.655,3522.39,3501.425,3511.64,178961
734,2021-11-09 10:00:00,3531.3,3536.86,3511.07,3518.0,249059
735,2021-11-09 09:45:00,3515.25,3538.0,3505.14,3531.59,310862
736,2021-11-09 09:30:00,3514.9999,3515.3765,3514.9999,3515.3765,461
737,2021-11-09 09:00:00,3518.23,3520.0,3517.0,3519.0,1808
738,2021-11-09 08:45:00,3515.01,3520.0,3515.0,3518.0,7703
739,2021-11-09 08:30:00,3508.98,3512.0,3508.98,3512.0,1306
740,2021-11-09 08:15:00,3502.2075,3508.98,3480.258,3508.98,2374
741,2021-11-09 08:00:00,3504.0,3507.0,3504.0,3507.0,1077
742,2021-11-09 07:45:00,3504.0,3512.7,3504.0,3507.94,3126
743,2021-11-09 07:30:00,3498.0,3504.0,3498.0,3504.0,983
744,2021-11-08 19:45:00,3488.98,3488.98,3488.98,3488.98,200
745,2021-11-08 19:30:00,3490.0,3490.0,3490.0,3490.0,638
746,2021-11-08 19:00:00,3492.01,3492.01,3492.01,3492.01,198
747,2021-11-08 18:30:00,3492.1,3492.1,3492.1,3492.1,142
748,2021-11-08 17:30:00,3494.6,3494.6,3494.11,3494.11,714
749,2021-11-08 17:15:00,3494.68,3494.68,3494.68,3494.68,114
750,2021-11-08 17:00:00,3493.5,3493.5,3493.5,3493.5,1055
751,2021-11-08 16:45:00,3494.04,3494.04,3488.98,3488.98,1839
752,2021-11-08 16:30:00,3493.49,3495.8,3488.98,3495.8,3707
753,2021-11-08 16:15:00,3488.98,3492.21,3488.98,3491.0,67797
754,2021-11-08 16:00:00,3492.747,3499.85,3487.86,3487.89,230467
755,2021-11-08 15:45:00,3501.97,3504.44,3492.0,3492.49,123145
756,2021-11-08 15:30:00,3503.54,3504.83,3499.635,3502.03,122842
757,2021-11-08 15:15:00,3502.35,3508.0,3501.1521,3503.26,70670
758,2021-11-08 15:00:00,3499.53,3511.47,3499.53,3503.03,101123
759,2021-11-08 14:45:00,3494.48,3503.84,3490.39,3500.1,107663
760,2021-11-08 14:30:00,3507.117,3512.83,3492.3901,3495.001,137595
761,2021-11-08 14:15:00,3507.81,3510.7707,3505.33,3506.1501,51819
762,2021-11-08 14:00:00,3512.83,3513.3,3507.11,3507.46,46123
763,2021-11-08 13:45:00,3517.395,3518.24,3510.855,3512.445,40690
764,2021-11-08 13:30:00,3520.945,3521.41,3515.0801,3518.155,52184
765,2021-11-08 13:15:00,3515.471,3521.75,3513.975,3520.85,65640
766,2021-11-08 13:00:00,3510.64,3516.9044,3508.62,3516.9044,45716
767,2021-11-08 12:45:00,3511.39,3517.9841,3507.55,3509.875,73664
768,2021-11-08 12:30:00,3508.13,3512.25,3507.27,3509.79,54665
769,2021-11-08 12:15:00,3513.06,3513.9699,3507.82,3509.76,79541
770,2021-11-08 12:00:00,3516.65,3518.81,3510.0,3512.82,62399
771,2021-11-08 11:45:00,3529.3,3531.1666,3513.89,3518.21,66189
772,2021-11-08 11:30:00,3510.019,3530.47,3509.57,3529.31,107798
773,2021-11-08 11:15:00,3522.795,3523.6527,3509.05,3509.985,67581
774,2021-11-08 11:00:00,3516.84,3527.4823,3515.8,3523.87,103580
775,2021-11-08 10:45:00,3535.475,3540.8649,3516.92,3517.37,115978
776,2021-11-08 10:30:00,3541.29,3546.89,3529.91,3535.575,106126
777,2021-11-08 10:15:00,3552.01,3552.8,3523.24,3540.64,141657
778,2021-11-08 10:00:00,3563.2623,3567.95,3543.1001,3550.0,160839
779,2021-11-08 09:45:00,3523.24,3579.0,3520.86,3561.12,442792
780,2021-11-08 09:30:00,3522.0,3523.28,3518.26,3523.28,3269
781,2021-11-08 09:15:00,3522.0,3522.0,3518.41,3518.41,1250
782,2021-11-08 09:00:00,3520.0,3520.96,3520.0,3520.96,2120
783,2021-11-08 08:45:00,3521.0,3522.4,3521.0,3522.4,2820
784,2021-11-08 08:30:00,3518.01,3520.0,3518.01,3520.0,1575
785,2021-11-08 08:15:00,3519.23,3519.23,3510.193,3515.0,1552
786,2021-11-08 08:00:00,3517.25,3517.25,3515.5,3515.5,2291
787,2021-11-08 07:15:00,3517.5,3517.5,3517.5,3517.5,377
788,2021-11-05 20:00:00,3511.0,3511.4999,3511.0,3511.4999,279
789,2021-11-05 18:45:00,3511.0,3511.0,3511.0,3511.0,141
790,2021-11-05 18:30:00,3512.85,3512.99,3512.85,3512.99,716
791,2021-11-05 18:00:00,3511.85,3512.99,3511.85,3512.99,635
792,2021-11-05 17:30:00,3511.73,3511.73,3511.67,3511.67,858
793,2021-11-05 17:15:00,3515.0,3518.99,3510.0,3510.0,20483
794,2021-11-05 17:00:00,3514.75,3514.75,3514.5,3514.5,468
795,2021-11-05 16:45:00,3518.99,3518.99,3518.99,3518.99,1309
796,2021-11-05 16:30:00,3513.99,3514.0,3513.99,3514.0,879
797,2021-11-05 16:15:00,3518.99,3518.99,3514.42,3518.99,86453
798,2021-11-05 16:00:00,3523.41,3525.2,3516.32,3516.64,229140
799,2021-11-05 15:45:00,3519.12,3531.96,3518.15,3523.215,158865
800,2021-11-05 15:30:00,3520.73,3521.36,3510.52,3518.935,159809
801,2021-11-05 15:15:00,3546.4,3546.4,3507.13,3521.47,226312
802,2021-11-05 15:00:00,3545.14,3548.765,3544.13,3546.43,100195
803,2021-11-05 14:45:00,3549.49,3551.55,3544.68,3545.49,88423
804,2021-11-05 14:30:00,3544.13,3549.56,3540.8,3548.905,80439
805,2021-11-05 14:15:00,3546.09,3546.3,3539.38,3544.0459,80139
806,2021-11-05 14:00:00,3535.87,3547.81,3533.0,3547.0,104360
807,2021-11-05 13:45:00,3530.52,3538.46,3530.0,3536.55,146589
808,2021-11-05 13:30:00,3545.38,3548.7699,3529.87,3530.84,245100
809,2021-11-05 13:15:00,3547.99,3551.02,3541.12,3546.015,189496
810,2021-11-05 13:00:00,3554.18,3557.04,3546.7411,3548.33,121673
811,2021-11-05 12:45:00,3560.6945,3566.25,3551.58,3553.77,139489
812,2021-11-05 12:30:00,3553.3,3561.0,3548.69,3560.9039,172396
813,2021-11-05 12:15:00,3546.59,3554.9,3545.0,3554.4376,140956
814,2021-11-05 12:00:00,3545.243,3549.0,3543.75,3546.81,109729
815,2021-11-05 11:45:00,3535.3301,3546.94,3535.3301,3545.605,124559
816,2021-11-05 11:30:00,3538.565,3540.0,3533.7,3535.725,102617
817,2021-11-05 11:15:00,3538.81,3540.49,3529.65,3538.84,129064
818,2021-11-05 11:00:00,3530.43,3538.7,3525.0,3538.7,158146
819,2021-11-05 10:45:00,3526.2299,3534.32,3525.49,3530.58,108019
820,2021-11-05 10:30:00,3538.36,3542.51,3523.47,3525.585,194304
821,2021-11-05 10:15:00,3527.4,3546.36,3526.0201,3538.2119,342388
822,2021-11-05 10:00:00,3518.31,3527.04,3477.0,3527.04,420362
823,2021-11-05 09:45:00,3477.0,3518.76,3476.98,3518.38,504373
824,2021-11-05 09:30:00,3478.0,3478.0,3473.0,3473.0,3570
825,2021-11-05 09:15:00,3476.85,3478.0,3476.0,3476.0,1132
826,2021-11-05 09:00:00,3472.52,3475.01,3472.52,3474.76,2172
827,2021-11-05 08:45:00,3472.25,3485.0,3467.0,3472.01,11910
828,2021-11-05 08:30:00,3468.0,3471.0,3468.0,3471.0,2305
829,2021-11-05 08:15:00,3468.308,3468.308,3466.0,3466.0,1958
830,2021-11-05 08:00:00,3466.3,3467.0,3464.4,3466.98,1802
831,2021-11-05 07:45:00,3468.0,3468.0,3468.0,3468.0,275
832,2021-11-05 07:30:00,3474.2,3474.2,3469.99,3469.99,1258
833,2021-11-05 07:15:00,3480.0,3480.0,3475.13,3475.13,1021
834,2021-11-05 07:00:00,3478.0,3487.0,3478.0,3486.0,2700
835,2021-11-05 04:45:00,3468.0,3468.0,3468.0,3468.0,200
836,2021-11-05 04:15:00,3463.46,3463.46,3463.46,3463.46,142
837,2021-11-04 20:00:00,3472.0,3472.0,3472.0,3472.0,1935
838,2021-11-04 19:30:00,3475.1,3475.1,3472.0,3472.0,1569
839,2021-11-04 19:00:00,3475.0,3475.0,3475.0,3475.0,201
840,2021-11-04 17:45:00,3473.11,3473.11,3473.11,3473.11,694
841,2021-11-04 17:30:00,3477.0,3477.0,3474.99,3474.99,1188
842,2021-11-04 17:15:00,3472.12,3472.12,3472.03,3472.03,650
843,2021-11-04 17:00:00,3473.5,3477.0,3473.5,3477.0,4573
844,2021-11-04 16:15:00,3477.0,3477.0,3473.85,3476.5,37219
845,2021-11-04 16:00:00,3479.66,3487.0,3473.17,3477.04,379467
846,2021-11-04 15:45:00,3492.0,3498.25,3477.02,3479.5,211820
847,2021-11-04 15:30:00,3481.05,3491.075,3479.0,3490.57,127783
848,2021-11-04 15:15:00,3474.815,3481.445,3470.51,3481.27,158256
849,2021-11-04 15:00:00,3495.27,3498.625,3476.0,3476.715,139081
850,2021-11-04 14:45:00,3494.73,3498.36,3492.48,3494.49,107520
851,2021-11-04 14:30:00,3490.24,3496.99,3485.49,3493.48,134815
852,2021-11-04 14:15:00,3492.7,3493.33,3478.85,3490.21,178286
853,2021-11-04 14:00:00,3494.14,3497.76,3491.1551,3492.97,125171
854,2021-11-04 13:45:00,3486.12,3498.0,3485.3586,3494.55,201205
855,2021-11-04 13:30:00,3475.855,3485.435,3473.59,3484.5,161742
856,2021-11-04 13:15:00,3465.5,3476.74,3462.8292,3476.2,142855
857,2021-11-04 13:00:00,3462.63,3465.44,3458.2,3465.44,128055
858,2021-11-04 12:45:00,3462.67,3466.97,3458.22,3462.8,74832
859,2021-11-04 12:30:00,3461.56,3468.315,3457.235,3463.33,142516
860,2021-11-04 12:15:00,3459.135,3463.9999,3454.675,3461.62,134337
861,2021-11-04 12:00:00,3447.0,3458.98,3441.94,3458.76,124883
862,2021-11-04 11:45:00,3439.95,3446.75,3434.875,3446.35,109413
863,2021-11-04 11:30:00,3454.81,3456.54,3435.0,3439.39,162044
864,2021-11-04 11:15:00,3461.825,3461.825,3447.16,3454.09,203719
865,2021-11-04 11:00:00,3455.39,3465.43,3455.39,3461.89,234930
866,2021-11-04 10:45:00,3461.06,3465.99,3450.75,3453.55,207906
867,2021-11-04 10:30:00,3448.0,3463.77,3444.0,3462.51,308793
868,2021-11-04 10:15:00,3440.83,3448.0,3426.0001,3447.86,368619
869,2021-11-04 10:00:00,3402.79,3444.0,3402.79,3439.96,433163
870,2021-11-04 09:45:00,3370.0,3403.75,3365.0001,3402.442,378514
871,2021-11-04 09:30:00,3381.0,3381.0,3367.0,3370.2,9818
872,2021-11-04 09:15:00,3381.0,3381.81,3381.0,3381.81,3647
873,2021-11-04 08:45:00,3383.0,3383.0,3381.0,3381.0,772
874,2021-11-04 08:15:00,3391.0,3392.0,3375.54,3387.4999,2285
875,2021-11-04 08:00:00,3388.59,3388.59,3388.59,3388.59,445
876,2021-11-04 07:45:00,3385.0,3387.0,3385.0,3387.0,1235
877,2021-11-04 07:30:00,3388.59,3388.59,3388.59,3388.59,404
878,2021-11-04 07:15:00,3389.0,3389.25,3389.0,3389.25,1082
879,2021-11-04 04:45:00,3396.36,3396.36,3396.33,3396.33,1017
880,2021-11-04 04:30:00,3393.5,3393.5,3393.5,3393.5,254
881,2021-11-04 04:15:00,3389.0,3389.0,3389.0,3389.0,1908
882,2021-11-03 20:00:00,3388.67,3390.0,3388.67,3390.0,895
883,2021-11-03 19:30:00,3386.0,3386.0,3386.0,3386.0,106
884,2021-11-03 19:15:00,3388.0,3388.0,3388.0,3388.0,506
885,2021-11-03 18:45:00,3385.95,3385.95,3385.95,3385.95,151
886,2021-11-03 18:30:00,3384.0,3384.0,3384.0,3384.0,401
887,2021-11-03 18:15:00,3382.8,3383.25,3382.8,3383.25,674
888,2021-11-03 17:00:00,3380.11,3381.0,3380.11,3380.76,945
889,2021-11-03 16:45:00,3384.0,3384.0,3380.67,3380.67,4942
890,2021-11-03 16:30:00,3375.15,3379.5,3375.15,3379.5,1462
891,2021-11-03 16:15:00,3384.0,3384.0,3375.1,3375.1,82418
892,2021-11-03 16:00:00,3386.9,3393.05,3380.05,3384.0,314425
893,2021-11-03 15:45:00,3390.484,3394.92,3383.985,3387.0,216749
894,2021-11-03 15:30:00,3371.5832,3390.4816,3371.5832,3390.06,179721
895,2021-11-03 15:15:00,3372.155,3376.57,3370.0,3372.38,149083
896,2021-11-03 15:00:00,3357.87,3374.0,3357.81,3372.151,138588
897,2021-11-03 14:45:00,3355.14,3362.85,3350.5922,3357.02,117205
898,2021-11-03 14:30:00,3340.84,3356.0,3339.01,3354.94,106970
899,2021-11-03 14:15:00,3347.28,3367.767,3341.04,3341.71,230133
900,2021-11-03 14:00:00,3351.27,3356.8,3344.0,3348.34,153664
901,2021-11-03 13:45:00,3332.99,3352.41,3332.99,3351.262,175680
902,2021-11-03 13:30:00,3331.99,3332.44,3326.836,3332.44,35569
903,2021-11-03 13:15:00,3325.38,3332.02,3322.6897,3332.02,40078
904,2021-11-03 13:00:00,3329.82,3330.15,3324.49,3326.0999,42438
905,2021-11-03 12:45:00,3331.5,3334.36,3329.095,3329.99,54399
906,2021-11-03 12:30:00,3335.84,3335.91,3329.44,3332.555,72300
907,2021-11-03 12:15:00,3328.32,3340.0,3327.92,3336.785,124349
908,2021-11-03 12:00:00,3319.34,3330.99,3317.8,3328.46,95509
909,2021-11-03 11:45:00,3313.0,3319.0,3309.42,3319.0,46478
910,2021-11-03 11:30:00,3314.11,3316.2143,3310.9,3314.39,45707
911,2021-11-03 11:15:00,3315.375,3315.9,3309.63,3314.17,53878
912,2021-11-03 11:00:00,3316.3,3320.53,3312.5,3314.77,62736
913,2021-11-03 10:45:00,3316.43,3320.54,3313.841,3316.47,57159
914,2021-11-03 10:30:00,3315.39,3322.54,3315.0,3315.65,84407
915,2021-11-03 10:15:00,3323.29,3324.75,3311.535,3314.73,98331
916,2021-11-03 10:00:00,3320.96,3326.9053,3312.5,3323.0,138155
917,2021-11-03 09:45:00,3309.0,3323.0,3297.52,3323.0,222171
918,2021-11-03 09:30:00,3315.0,3315.0,3308.0,3308.0,4101
919,2021-11-03 09:00:00,3313.79,3315.29,3313.79,3315.29,1262
920,2021-11-03 08:15:00,3309.0224,3309.0224,3309.0224,3309.0224,454
921,2021-11-03 07:45:00,3315.25,3315.25,3315.25,3315.25,678
922,2021-11-03 07:30:00,3316.5,3316.5,3316.5,3316.5,486
923,2021-11-02 20:00:00,3309.0,3309.0,3307.5,3307.5,988
924,2021-11-02 18:00:00,3310.99,3310.99,3310.99,3310.99,1605
925,2021-11-02 17:15:00,3310.2,3310.2,3310.2,3310.2,317
926,2021-11-02 17:00:00,3312.0,3312.0,3309.0,3309.0,882
927,2021-11-02 16:45:00,3312.75,3312.75,3312.0,3312.0,477
928,2021-11-02 16:30:00,3309.41,3312.95,3309.41,3312.95,541
929,2021-11-02 16:15:00,3312.75,3312.75,3312.75,3312.75,28275
930,2021-11-02 16:00:00,3307.51,3313.19,3305.5495,3313.17,252688
931,2021-11-02 15:45:00,3304.18,3307.9322,3299.205,3307.23,102872
932,2021-11-02 15:30:00,3307.745,3307.745,3303.0,3304.39,77914
933,2021-11-02 15:15:00,3305.58,3309.0,3303.235,3308.0,67800
934,2021-11-02 15:00:00,3300.24,3306.9,3297.135,3305.475,69941
935,2021-11-02 14:45:00,3294.0259,3300.575,3292.77,3299.96,54218
936,2021-11-02 14:30:00,3294.9,3296.99,3292.76,3293.515,62020
937,2021-11-02 14:15:00,3298.94,3298.94,3293.84,3294.29,48218
938,2021-11-02 14:00:00,3294.23,3298.76,3292.37,3298.65,37695
939,2021-11-02 13:45:00,3295.56,3297.6,3292.4,3293.7001,42971
940,2021-11-02 13:30:00,3301.66,3302.4499,3295.11,3295.6,59832
941,2021-11-02 13:15:00,3290.61,3302.76,3290.01,3302.0,60079
942,2021-11-02 13:00:00,3293.47,3293.65,3288.11,3289.72,62674
943,2021-11-02 12:45:00,3295.725,3296.0,3290.8201,3292.67,50702
944,2021-11-02 12:30:00,3293.89,3297.9099,3292.225,3295.9,62587
945,2021-11-02 12:15:00,3290.74,3294.5,3289.64,3293.64,60466
946,2021-11-02 12:00:00,3288.51,3292.38,3283.77,3291.425,66592
947,2021-11-02 11:45:00,3294.44,3294.44,3283.55,3288.15,105599
948,2021-11-02 11:30:00,3290.44,3297.85,3288.8,3294.0,91301
949,2021-11-02 11:15:00,3298.88,3299.3313,3288.76,3290.135,110964
950,2021-11-02 11:00:00,3302.57,3307.7721,3296.38,3297.76,110894
951,2021-11-02 10:45:00,3308.3,3308.78,3299.0,3302.41,107787
952,2021-11-02 10:30:00,3312.2301,3313.12,3303.08,3308.02,101319
953,2021-11-02 10:15:00,3321.84,3325.2,3307.0,3310.515,121906
954,2021-11-02 10:00:00,3326.76,3326.77,3311.89,3320.24,129841
955,2021-11-02 09:45:00,3315.01,3331.115,3300.0,3325.74,250452
956,2021-11-02 09:30:00,3317.8,3317.8,3316.0,3316.0,688
957,2021-11-02 09:15:00,3317.0,3317.0,3316.78,3316.78,481
958,2021-11-02 09:00:00,3320.0,3320.0,3317.0,3317.0,5936
959,2021-11-02 08:45:00,3319.0,3320.0,3319.0,3320.0,1006
960,2021-11-02 08:30:00,3318.49,3318.49,3318.2,3318.2,545
961,2021-11-02 08:00:00,3318.88,3318.88,3317.8,3317.8,598
962,2021-11-02 06:00:00,3318.0,3318.0,3318.0,3318.0,333
963,2021-11-02 04:15:00,3319.0,3319.0,3319.0,3319.0,128
